"id","article_id","question","answer","display_order","is_active","created_at","updated_at"
"0016b76a-7388-48dd-a33c-a96e8dcd54a7","15eb48d1-8a9f-4df5-81cb-3def27b3d8be","How can PrivateInHomeCareGiver help?","Our experienced caregivers can provide personalized support for your family's needs. Contact us for a free assessment and consultation.","1","yes","""2026-01-07T18:43:54.010Z""","""2026-01-07T18:43:54.010Z"""
"027d010a-bc2f-4f0f-84a9-67472e547804","527caf3c-9ac8-4177-93df-e5bdfbd10356","What are the most common causes of falls in seniors?","Common causes include poor lighting, slippery or uneven surfaces, loose rugs, clutter in walkways, inappropriate footwear, medication side effects, vision problems, and muscle weakness. Many falls result from a combination of factors. Addressing environmental hazards while also managing health factors provides the best protection.","0","yes","""2026-01-07T18:56:18.419Z""","""2026-01-07T18:56:18.419Z"""
"028e55c8-1fc6-4152-be2c-245ca754f44a","1b10a860-eee8-4d07-80ac-1a4efc285dfd","How can PrivateInHomeCareGiver help?","Our experienced caregivers can provide personalized support for your family's needs. Contact us for a free assessment and consultation.","1","yes","""2026-01-07T18:43:26.722Z""","""2026-01-07T18:43:26.722Z"""
"03653275-11d7-42a8-8102-36b46e27d78d","2bc48fb4-8b4e-42c0-a3dc-3b91925dbae4","Is it normal to feel resentful as a caregiver?","Absolutely. Resentment is a common and normal feeling among caregivers. You may resent the person you're caring for, other family members who don't help, or the situation itself. Acknowledging these feelings without guilt is important. Consider talking to a counselor or joining a support group where you can express these emotions safely.","0","yes","""2026-01-07T18:56:17.574Z""","""2026-01-07T18:56:17.574Z"""
"04f7e989-297b-40a9-b143-9f8d9108fd2c","41842c76-bd47-4fd3-bc11-09e30796de0b","How can PrivateInHomeCareGiver help?","Our experienced caregivers can provide personalized support for your family's needs. Contact us for a free assessment and consultation.","1","yes","""2026-01-07T18:43:54.535Z""","""2026-01-07T18:43:54.535Z"""
"05c9b1e8-2c44-4e46-b8aa-ef0ae19b90fa","257394fb-db1a-4d09-afa0-cb18b70767c1","What should I know about the benefits of pet therapy for seniors?","Understanding the benefits of pet therapy for seniors is important for providing quality care. Start by assessing your specific situation and consulting with healthcare professionals or care coordinators.","0","yes","""2026-01-07T18:43:34.987Z""","""2026-01-07T18:43:34.987Z"""
"06f47533-ca7c-4e07-9b47-751b37caea3e","e6f120df-4696-4eb5-9a91-977f480647c4","What should I know about how to manage incontinence with dignity?","Understanding how to manage incontinence with dignity is important for providing quality care. Start by assessing your specific situation and consulting with healthcare professionals or care coordinators.","0","yes","""2026-01-07T18:43:32.334Z""","""2026-01-07T18:43:32.334Z"""
"071d376d-0823-408a-b111-794a1191721b","4d4e9a97-b573-4e42-a291-55f8cc24e790","What should I know about understanding veterans benefits for home care?","Understanding understanding veterans benefits for home care is important for providing quality care. Start by assessing your specific situation and consulting with healthcare professionals or care coordinators.","0","yes","""2026-01-07T18:43:24.516Z""","""2026-01-07T18:43:24.516Z"""
"08371db5-9492-49f7-aef0-10887983595e","1dca1c12-be0b-421f-b181-014fdc73f99f","What should I know about the role of nutrition in dementia care?","Understanding the role of nutrition in dementia care is important for providing quality care. Start by assessing your specific situation and consulting with healthcare professionals or care coordinators.","0","yes","""2026-01-07T18:43:32.867Z""","""2026-01-07T18:43:32.867Z"""
"091695a4-89fa-422f-b5c5-f1ca024976a6","6d145660-7f01-45dc-9bb0-e896171c649e","What should I know about how to handle difficult behaviors in dementia care?","Understanding how to handle difficult behaviors in dementia care is important for providing quality care. Start by assessing your specific situation and consulting with healthcare professionals or care coordinators.","0","yes","""2026-01-07T18:43:22.434Z""","""2026-01-07T18:43:22.434Z"""
"0b336982-1227-4a7e-b903-4eb6420f6aea","c4170c73-8731-41b1-ae78-b88e5a664465","How can PrivateInHomeCareGiver help?","Our experienced caregivers can provide personalized support for your family's needs. Contact us for a free assessment and consultation.","1","yes","""2026-01-07T18:43:16.293Z""","""2026-01-07T18:43:16.293Z"""
"0b7fdb5d-6c00-4bb7-8146-4b81fc88fa29","dc199bdf-d04d-4f45-9182-83ec117ec314","Can in-home care prevent nursing home placement?","Yes, in many cases. In-home care allows seniors to age in place safely and can delay or prevent the need for facility-based care, which is often preferred by seniors and more cost-effective.","3","yes","""2026-01-07T18:43:03.622Z""","""2026-01-07T18:43:03.622Z"""
"0e505f56-da1b-4f0b-a471-5086c0665b19","6e9acbdf-7d88-4b9d-a2bf-5dc9bd738da8","How much does companion care cost?","Companion care in Massachusetts typically costs $25-$30 per hour, slightly less than personal care. Many families start with a few hours per week and increase as needed.","0","yes","""2026-01-07T18:43:09.297Z""","""2026-01-07T18:43:09.297Z"""
"0facc21c-0868-47f2-baeb-bede145dc910","e5cdd956-1f13-49bb-9a6a-414074cd50f4","How can PrivateInHomeCareGiver help?","Our experienced caregivers can provide personalized support for your family's needs. Contact us for a free assessment and consultation.","1","yes","""2026-01-07T18:43:38.850Z""","""2026-01-07T18:43:38.850Z"""
"13ff6ca0-bf35-4bda-bd13-842972053ac5","591cf7c1-7cc2-4f6a-a077-db7e6b906109","What should I know about the importance of skin care for seniors?","Understanding the importance of skin care for seniors is important for providing quality care. Start by assessing your specific situation and consulting with healthcare professionals or care coordinators.","0","yes","""2026-01-07T18:43:44.519Z""","""2026-01-07T18:43:44.519Z"""
"14d0d0ed-d804-4a02-87f5-24199a95ca94","7584ca79-2733-475d-b295-6566c1fd30d4","How can PrivateInHomeCareGiver help?","Our experienced caregivers can provide personalized support for your family's needs. Contact us for a free assessment and consultation.","1","yes","""2026-01-07T18:43:56.106Z""","""2026-01-07T18:43:56.106Z"""
"162dcf66-4a10-4bab-a15b-2a5f93fecf9c","dc2fe6c7-7e4a-4e00-aa8a-01f1d8e85632","What should I know about understanding copd and home care needs?","Understanding understanding copd and home care needs is important for providing quality care. Start by assessing your specific situation and consulting with healthcare professionals or care coordinators.","0","yes","""2026-01-07T18:43:31.817Z""","""2026-01-07T18:43:31.817Z"""
"170b1994-8184-477d-bf8a-28b083e64cb5","e4a10af7-0212-400e-b239-1e15e7e64d72","What should I know about understanding parkinson's disease and care needs?","Understanding understanding parkinson's disease and care needs is important for providing quality care. Start by assessing your specific situation and consulting with healthcare professionals or care coordinators.","0","yes","""2026-01-07T18:43:21.912Z""","""2026-01-07T18:43:21.912Z"""
"172cf0f0-d60d-45b6-97a5-ef00079d1c85","527caf3c-9ac8-4177-93df-e5bdfbd10356","What is a medical alert system and do I need one?","Medical alert systems are wearable devices (pendants or watches) with emergency buttons that connect to a 24/7 monitoring center. When pressed, help is dispatched. Many now include automatic fall detection. They're recommended for seniors living alone, those with fall history, and anyone with health conditions that could cause emergencies.","2","yes","""2026-01-07T18:56:18.645Z""","""2026-01-07T18:56:18.645Z"""
"1903b3a1-c168-4778-b512-4dfeaa4f2447","4887c806-5465-4c7b-ae64-14c773dda47a","What should I know about financial assistance programs for massachusetts seniors?","Understanding financial assistance programs for massachusetts seniors is important for providing quality care. Start by assessing your specific situation and consulting with healthcare professionals or care coordinators.","0","yes","""2026-01-07T18:43:22.950Z""","""2026-01-07T18:43:22.950Z"""
"1945a133-c00d-418b-87d3-733e197c918b","a2c77114-a2ab-468a-aec5-6a2820335084","What should I know about the benefits of chair yoga for seniors?","Understanding the benefits of chair yoga for seniors is important for providing quality care. Start by assessing your specific situation and consulting with healthcare professionals or care coordinators.","0","yes","""2026-01-07T18:43:42.946Z""","""2026-01-07T18:43:42.946Z"""
"19cca957-7085-4838-a12e-f9c1d846756b","ad10e5b5-9a5c-4a5d-88de-e8d0ace16ccb","What should I know about how to support a loved one with cancer?","Understanding how to support a loved one with cancer is important for providing quality care. Start by assessing your specific situation and consulting with healthcare professionals or care coordinators.","0","yes","""2026-01-07T18:43:37.655Z""","""2026-01-07T18:43:37.655Z"""
"19f99b95-1cc4-4b5e-acf9-91ff5a6a0a0f","19ce7f00-369f-4ee5-9364-a29db4eb0cee","Can I create these documents without a lawyer?","While templates exist, an elder law attorney ensures documents are legally valid, properly executed, and tailored to your situation. This is especially important for complex estates or Medicaid planning.","1","yes","""2026-01-07T18:43:07.898Z""","""2026-01-07T18:43:07.898Z"""
"1d703c62-6af8-411b-954f-68cafea255a2","866645f5-0cca-4cfd-9b50-2d77907b1fa5","How can PrivateInHomeCareGiver help?","Our experienced caregivers can provide personalized support for your family's needs. Contact us for a free assessment and consultation.","1","yes","""2026-01-07T18:43:40.947Z""","""2026-01-07T18:43:40.947Z"""
"1d78fc12-aaf4-4785-a998-1d98b1762e16","e58cac88-9321-44a1-afad-83713af3d482","How can PrivateInHomeCareGiver help?","Our experienced caregivers can provide personalized support for your family's needs. Contact us for a free assessment and consultation.","1","yes","""2026-01-07T18:43:29.844Z""","""2026-01-07T18:43:29.844Z"""
"1d84b6f1-7a92-4bcb-add9-d88c937e4db1","9d9b6777-c30f-4b49-acbc-82e977f407e6","How can PrivateInHomeCareGiver help?","Our experienced caregivers can provide personalized support for your family's needs. Contact us for a free assessment and consultation.","1","yes","""2026-01-07T18:43:34.044Z""","""2026-01-07T18:43:34.044Z"""
"1e19cf1d-67c4-417d-b480-cba66ef99e61","8c31dcd2-1968-4fb6-b7f5-201666785cf6","Should I correct my loved one when they say something wrong?","Generally, no. Correcting them causes frustration and embarrassment. Instead, redirect the conversation or go along with harmless misunderstandings. Their reality feels real to them.","1","yes","""2026-01-07T18:43:04.889Z""","""2026-01-07T18:43:04.889Z"""
"1f5fcd48-883c-43ef-b6e8-074ddddedef1","591cf7c1-7cc2-4f6a-a077-db7e6b906109","How can PrivateInHomeCareGiver help?","Our experienced caregivers can provide personalized support for your family's needs. Contact us for a free assessment and consultation.","1","yes","""2026-01-07T18:43:44.633Z""","""2026-01-07T18:43:44.633Z"""
"1fa43522-d584-4285-a3bb-a9ae338a0ab8","2bc48fb4-8b4e-42c0-a3dc-3b91925dbae4","How do I find time for self-care when I'm caregiving 24/7?","Start small—even 10-15 minutes daily makes a difference. Use respite care services to get regular breaks, accept help from family and friends, or hire a professional caregiver for scheduled relief. Remember that neglecting your own needs ultimately harms your ability to provide care.","1","yes","""2026-01-07T18:56:17.687Z""","""2026-01-07T18:56:17.687Z"""
"1fc971dd-8936-4ec0-9361-c6e5829ae3e2","d9a14168-33e3-4a96-ab3e-37503a0eeb76","When should we consider memory care vs. in-home dementia care?","In-home dementia care works well through early and much of middle-stage dementia when the home environment can be made safe. Memory care facilities may become necessary when wandering cannot be prevented, care needs exceed what can be provided at home (especially overnight), the person becomes aggressive, or family caregivers are burned out.","2","yes","""2026-01-07T18:56:16.948Z""","""2026-01-07T18:56:16.948Z"""
"2002c13c-32cf-4867-a67f-39febce4f862","c05b713e-81fe-49f0-a40c-ab588c276d07","What should I know about activities to keep seniors mentally sharp?","Understanding activities to keep seniors mentally sharp is important for providing quality care. Start by assessing your specific situation and consulting with healthcare professionals or care coordinators.","0","yes","""2026-01-07T18:43:14.616Z""","""2026-01-07T18:43:14.616Z"""
"21b63607-3a87-4437-907a-c20411c2c764","4d8c7f67-436d-48f9-aba0-d1bb46a51bb7","What should I know about managing medications for seniors: a caregiver's guide?","Understanding managing medications for seniors: a caregiver's guide is important for providing quality care. Start by assessing your specific situation and consulting with healthcare professionals or care coordinators.","0","yes","""2026-01-07T18:43:14.100Z""","""2026-01-07T18:43:14.100Z"""
"21f0f6f6-7084-440f-9936-89654597db2a","70fc6da9-d53a-4125-8440-f98aa14c0b5d","How can PrivateInHomeCareGiver help?","Our experienced caregivers can provide personalized support for your family's needs. Contact us for a free assessment and consultation.","1","yes","""2026-01-07T18:43:18.390Z""","""2026-01-07T18:43:18.390Z"""
"2253fb56-e73f-48ab-b8e6-dc879d84aa82","2bc48fb4-8b4e-42c0-a3dc-3b91925dbae4","What is respite care and how can I access it in Massachusetts?","Respite care is temporary relief for caregivers—someone else cares for your loved one so you can rest, handle personal matters, or take a vacation. Options include in-home respite, adult day programs, and short-term facility stays. In Massachusetts, contact your local ASAP, MassHealth (if eligible), or home care agencies like PrivateInHomeCareGiver to arrange services.","2","yes","""2026-01-07T18:56:17.799Z""","""2026-01-07T18:56:17.799Z"""
"22635b2d-e829-4bc1-ae44-4ee81c2f8405","26c357b5-eb51-4b36-bac7-41514db16940","Does MassHealth cover in-home care?","Yes, MassHealth offers several programs that cover in-home care for eligible individuals. The Personal Care Attendant (PCA) Program covers personal care services and allows you to hire family members as caregivers. The Frail Elder Waiver and Community First Choice programs also provide home care coverage. Eligibility is based on income, assets, and care needs.","2","yes","""2026-01-07T18:56:15.192Z""","""2026-01-07T18:56:15.192Z"""
"22f4a637-c0f1-4a36-bfd1-92007b419e17","ff45530c-9472-4c9a-91fd-15f5673402e5","How can PrivateInHomeCareGiver help?","Our experienced caregivers can provide personalized support for your family's needs. Contact us for a free assessment and consultation.","1","yes","""2026-01-07T18:43:28.805Z""","""2026-01-07T18:43:28.805Z"""
"2310874c-6c8e-41ff-8afe-f0bc66d978d5","9695d8da-e752-4bb4-a36e-d4125efdc701","What should I know about how to help seniors maintain independence?","Understanding how to help seniors maintain independence is important for providing quality care. Start by assessing your specific situation and consulting with healthcare professionals or care coordinators.","0","yes","""2026-01-07T18:43:42.413Z""","""2026-01-07T18:43:42.413Z"""
"248cd15d-0ec1-460e-83e8-6c7a11be5305","22a70873-a471-44d9-b38f-12e6129ad152","What should I know about managing heart disease in seniors?","Understanding managing heart disease in seniors is important for providing quality care. Start by assessing your specific situation and consulting with healthcare professionals or care coordinators.","0","yes","""2026-01-07T18:43:30.249Z""","""2026-01-07T18:43:30.249Z"""
"253564ab-742c-4ed3-859a-2a772075b718","b94b5cc2-50d3-47f6-8ca1-8bf1d32dd340","How do I apply for the Massachusetts PCA Program?","First, ensure you have MassHealth coverage (apply at mass.gov/masshealth). Then contact your local Aging Services Access Point (ASAP) or Independent Living Center to request a PCA evaluation. If approved, you'll choose a Fiscal Intermediary to handle payroll, then hire and train your own PCAs.","1","yes","""2026-01-07T18:56:19.398Z""","""2026-01-07T18:56:19.398Z"""
"256d3b35-5254-4b9d-85bd-0076c648a6cc","83f303f7-c246-43ec-b0a0-7e1b1b18b4c0","What should I know about the benefits of aquatic therapy for seniors?","Understanding the benefits of aquatic therapy for seniors is important for providing quality care. Start by assessing your specific situation and consulting with healthcare professionals or care coordinators.","0","yes","""2026-01-07T18:43:46.083Z""","""2026-01-07T18:43:46.083Z"""
"25d4717f-7011-46e0-8fbe-51a8ecf3f310","93482020-8b17-446d-a2ae-ede90e4f5ab1","Does Medicare cover post-hospital care?","Medicare covers skilled home health care (nursing, therapy) if prescribed. Non-medical personal care is typically not covered by Medicare but may be covered by MassHealth or paid privately.","1","yes","""2026-01-07T18:43:12.409Z""","""2026-01-07T18:43:12.409Z"""
"27c851e1-27ac-4017-a70d-b2249892185e","ba2664c8-c9ac-4683-a963-e0aab99ad917","What should I know about the benefits of brain games for cognitive health?","Understanding the benefits of brain games for cognitive health is important for providing quality care. Start by assessing your specific situation and consulting with healthcare professionals or care coordinators.","0","yes","""2026-01-07T18:43:55.465Z""","""2026-01-07T18:43:55.465Z"""
"29364968-6498-4435-815c-7c9f800ac0f5","e6f120df-4696-4eb5-9a91-977f480647c4","How can PrivateInHomeCareGiver help?","Our experienced caregivers can provide personalized support for your family's needs. Contact us for a free assessment and consultation.","1","yes","""2026-01-07T18:43:32.448Z""","""2026-01-07T18:43:32.448Z"""
"2987b2fa-6669-4766-b4be-25fa1202dd7d","ff45530c-9472-4c9a-91fd-15f5673402e5","What should I know about how to handle end-of-life conversations?","Understanding how to handle end-of-life conversations is important for providing quality care. Start by assessing your specific situation and consulting with healthcare professionals or care coordinators.","0","yes","""2026-01-07T18:43:28.690Z""","""2026-01-07T18:43:28.690Z"""
"2b2d04db-a172-4795-951d-dacc256191dc","22a70873-a471-44d9-b38f-12e6129ad152","How can PrivateInHomeCareGiver help?","Our experienced caregivers can provide personalized support for your family's needs. Contact us for a free assessment and consultation.","1","yes","""2026-01-07T18:43:30.365Z""","""2026-01-07T18:43:30.365Z"""
"2b49ebf0-6535-4073-8232-9f3edec29a41","6b9b923d-4b04-4223-b0d1-6008537cbbee","What should I know about understanding osteoporosis prevention and care?","Understanding understanding osteoporosis prevention and care is important for providing quality care. Start by assessing your specific situation and consulting with healthcare professionals or care coordinators.","0","yes","""2026-01-07T18:43:41.890Z""","""2026-01-07T18:43:41.890Z"""
"2c0c952b-5fda-45f7-bfc3-4b9fdca2511b","0ca953ed-fc59-4025-8f47-dff8b664d38a","How can PrivateInHomeCareGiver help?","Our experienced caregivers can provide personalized support for your family's needs. Contact us for a free assessment and consultation.","1","yes","""2026-01-07T18:43:17.874Z""","""2026-01-07T18:43:17.874Z"""
"2cc4b626-6202-42f9-b027-efd50815d5b9","01fd1214-3baa-4858-9946-0644845b424a","What should I know about how to create a memory book for someone with dementia?","Understanding how to create a memory book for someone with dementia is important for providing quality care. Start by assessing your specific situation and consulting with healthcare professionals or care coordinators.","0","yes","""2026-01-07T18:43:23.991Z""","""2026-01-07T18:43:23.991Z"""
"2fef0684-ed4a-4307-aed5-19782935d6e8","94879856-edde-4256-ba2e-80f129966fa3","How can PrivateInHomeCareGiver help?","Our experienced caregivers can provide personalized support for your family's needs. Contact us for a free assessment and consultation.","1","yes","""2026-01-07T18:43:20.475Z""","""2026-01-07T18:43:20.475Z"""
"310a7488-0871-4d0a-9010-6769896c415d","c58d7da1-521e-4dd3-a1a2-d17dcca9cefc","What should I know about caring for a spouse with a chronic illness?","Understanding caring for a spouse with a chronic illness is important for providing quality care. Start by assessing your specific situation and consulting with healthcare professionals or care coordinators.","0","yes","""2026-01-07T18:43:27.651Z""","""2026-01-07T18:43:27.651Z"""
"32263064-676d-4968-b81f-c076a8d82bc9","1ca431be-5dad-4c70-9bbb-32c079696185","How can PrivateInHomeCareGiver help?","Our experienced caregivers can provide personalized support for your family's needs. Contact us for a free assessment and consultation.","1","yes","""2026-01-07T18:43:39.373Z""","""2026-01-07T18:43:39.373Z"""
"32d2c6df-2351-494a-9577-713939044102","7c03c208-24bd-45a1-a1ac-b0d5d9640a84","What should I know about understanding incontinence products and options?","Understanding understanding incontinence products and options is important for providing quality care. Start by assessing your specific situation and consulting with healthcare professionals or care coordinators.","0","yes","""2026-01-07T18:43:46.600Z""","""2026-01-07T18:43:46.600Z"""
"339d6c4e-36d1-4f33-9c1a-9b729eaa2e75","26c357b5-eb51-4b36-bac7-41514db16940","What is the difference between home care and home health care in Massachusetts?","Home care provides non-medical assistance like personal care (bathing, dressing), companionship, and homemaking. Home health care provides medical services like skilled nursing, physical therapy, and wound care, typically prescribed by a doctor. Medicare covers home health care but generally not home care. MassHealth may cover both for eligible individuals.","0","yes","""2026-01-07T18:56:14.963Z""","""2026-01-07T18:56:14.963Z"""
"33d45c50-116e-49f3-a2d2-cf24c6d8a25d","6e9acbdf-7d88-4b9d-a2bf-5dc9bd738da8","What's the difference between a companion and a personal care aide?","Companions focus on social engagement and light assistance. Personal care aides help with hands-on physical care like bathing and dressing. Some caregivers can provide both.","1","yes","""2026-01-07T18:43:09.412Z""","""2026-01-07T18:43:09.412Z"""
"33e45600-017c-4909-a176-5295c9020ce4","5ce80e8a-9d87-4f58-a47b-3a320d4ca534","How can PrivateInHomeCareGiver help?","Our experienced caregivers can provide personalized support for your family's needs. Contact us for a free assessment and consultation.","1","yes","""2026-01-07T18:43:43.582Z""","""2026-01-07T18:43:43.582Z"""
"36600335-9976-447e-b1c4-66bb2cdf91df","8a81d775-a043-4788-b178-69ec72a2bab2","What should I know about how technology can help seniors age in place?","Understanding how technology can help seniors age in place is important for providing quality care. Start by assessing your specific situation and consulting with healthcare professionals or care coordinators.","0","yes","""2026-01-07T18:43:19.322Z""","""2026-01-07T18:43:19.322Z"""
"367fabcb-d5f8-4b8d-b49d-61615501c35a","7589c160-2f84-4540-acbd-d25c49af5e4f","What should I know about how to find and hire a private caregiver?","Understanding how to find and hire a private caregiver is important for providing quality care. Start by assessing your specific situation and consulting with healthcare professionals or care coordinators.","0","yes","""2026-01-07T18:43:25.552Z""","""2026-01-07T18:43:25.552Z"""
"3687dd86-95cf-461c-b99a-850430e8cab8","c73bce67-8c8d-4b7c-9aeb-766862466787","How can PrivateInHomeCareGiver help?","Our experienced caregivers can provide personalized support for your family's needs. Contact us for a free assessment and consultation.","1","yes","""2026-01-07T18:43:51.921Z""","""2026-01-07T18:43:51.921Z"""
"370535c7-6adc-401b-ad2e-21b305b56ceb","41842c76-bd47-4fd3-bc11-09e30796de0b","What should I know about understanding grief and loss in seniors?","Understanding understanding grief and loss in seniors is important for providing quality care. Start by assessing your specific situation and consulting with healthcare professionals or care coordinators.","0","yes","""2026-01-07T18:43:54.420Z""","""2026-01-07T18:43:54.420Z"""
"37e1b574-7f50-400d-825c-87566e240058","08985dee-2dab-4584-8dcb-c7b293167cb8","How can PrivateInHomeCareGiver help?","Our experienced caregivers can provide personalized support for your family's needs. Contact us for a free assessment and consultation.","1","yes","""2026-01-07T18:43:18.906Z""","""2026-01-07T18:43:18.906Z"""
"38111e56-a1ce-4f7a-9e4e-9ab0226c2a2e","6ec03951-0fd4-47f2-850a-a45104ccc3f9","Can I use both home care and home health care together?","Yes, many families use both services simultaneously. For example, someone recovering from surgery might receive home health visits for physical therapy (a few times per week) while also having a home care aide for daily help with bathing, dressing, and meals. The two services complement each other well.","3","yes","""2026-01-07T18:56:16.206Z""","""2026-01-07T18:56:16.206Z"""
"389a0402-08a1-4e0d-ab12-57ee470a66ae","3f190be7-e7f6-4681-a4b7-31c371fd9875","How can PrivateInHomeCareGiver help?","Our experienced caregivers can provide personalized support for your family's needs. Contact us for a free assessment and consultation.","1","yes","""2026-01-07T18:43:49.839Z""","""2026-01-07T18:43:49.839Z"""
"3ae86953-e4ab-4504-a74e-3225d9cc0aca","8a81d775-a043-4788-b178-69ec72a2bab2","How can PrivateInHomeCareGiver help?","Our experienced caregivers can provide personalized support for your family's needs. Contact us for a free assessment and consultation.","1","yes","""2026-01-07T18:43:19.437Z""","""2026-01-07T18:43:19.437Z"""
"3af7e852-e7dc-47b6-ba3a-08c5fb32088e","372ddb54-1f5d-4530-8aa8-ec90f88448c9","What should I know about how to create a safe bathroom for seniors?","Understanding how to create a safe bathroom for seniors is important for providing quality care. Start by assessing your specific situation and consulting with healthcare professionals or care coordinators.","0","yes","""2026-01-07T18:43:31.296Z""","""2026-01-07T18:43:31.296Z"""
"3c217dbd-927e-4ab5-bba0-fd9cf64d317a","7acf2620-cb16-43c4-b28c-a4e1fe1a4e2e","How can PrivateInHomeCareGiver help?","Our experienced caregivers can provide personalized support for your family's needs. Contact us for a free assessment and consultation.","1","yes","""2026-01-07T18:43:56.623Z""","""2026-01-07T18:43:56.623Z"""
"3d5570a1-d595-4b4d-bc75-9e68d1d20f02","932f097d-cb0f-4a3b-99ef-71f3369d2d01","How can PrivateInHomeCareGiver help?","Our experienced caregivers can provide personalized support for your family's needs. Contact us for a free assessment and consultation.","1","yes","""2026-01-07T18:43:27.242Z""","""2026-01-07T18:43:27.242Z"""
"3dc904d3-0f7e-4921-a226-86847b13ba4a","1ca5c536-a47f-4808-83af-75d6b0493107","My parent isn't eating enough. What should I do?","First, identify possible causes—decreased appetite, difficulty chewing, depression, medication side effects, or difficulty preparing food. Then try smaller, more frequent meals, favorite foods, eating together, and making meals visually appealing. If weight loss continues or is significant, consult a doctor to rule out underlying health issues.","2","yes","""2026-01-07T18:56:20.361Z""","""2026-01-07T18:56:20.361Z"""
"40b6ffa6-991b-438c-adf6-09b67781bf49","7ddf74ed-dbd6-4ac9-b695-7e450a2231a4","What should I know about how to help a senior transition to care?","Understanding how to help a senior transition to care is important for providing quality care. Start by assessing your specific situation and consulting with healthcare professionals or care coordinators.","0","yes","""2026-01-07T18:43:47.118Z""","""2026-01-07T18:43:47.118Z"""
"41c1099c-07b6-4298-9582-a675e971d14c","93482020-8b17-446d-a2ae-ede90e4f5ab1","When should I arrange post-hospital care?","Ideally, before the hospital stay or as soon as surgery is scheduled. If unexpected, contact a home care agency immediately upon admission to arrange services for discharge.","2","yes","""2026-01-07T18:43:12.537Z""","""2026-01-07T18:43:12.537Z"""
"42562a42-7525-4820-bf9c-84acd47672f9","527c8349-4d92-4139-b5ce-0f4660987fd6","What should I know about how to create an emergency plan for seniors?","Understanding how to create an emergency plan for seniors is important for providing quality care. Start by assessing your specific situation and consulting with healthcare professionals or care coordinators.","0","yes","""2026-01-07T18:43:36.043Z""","""2026-01-07T18:43:36.043Z"""
"42771511-eb12-4fd8-961b-0a1fb99a756c","ca88d423-3a90-4197-ad52-bd060a2002c5","What if I can't manage my own care?","You can designate a surrogate (family member or friend) to manage the program on your behalf if you're unable to do so yourself.","2","yes","""2026-01-07T18:43:11.776Z""","""2026-01-07T18:43:11.776Z"""
"4394bbcd-dfca-4b61-813f-b4acc3c8752f","19ce7f00-369f-4ee5-9364-a29db4eb0cee","What if my parent has dementia? Can they still sign documents?","It depends on the severity. They must have 'legal capacity'—understanding what they're signing. A doctor may need to evaluate capacity. If they lack capacity, court-appointed guardianship may be necessary.","2","yes","""2026-01-07T18:43:08.013Z""","""2026-01-07T18:43:08.013Z"""
"43970936-b881-42d3-8385-bb0dacf487eb","5ce80e8a-9d87-4f58-a47b-3a320d4ca534","What should I know about understanding kidney disease in older adults?","Understanding understanding kidney disease in older adults is important for providing quality care. Start by assessing your specific situation and consulting with healthcare professionals or care coordinators.","0","yes","""2026-01-07T18:43:43.467Z""","""2026-01-07T18:43:43.467Z"""
"44204fe3-b27b-47c7-bdbc-d4f885f04078","9f60e1d9-a931-49eb-9d02-a7994ce7bd25","How can PrivateInHomeCareGiver help?","Our experienced caregivers can provide personalized support for your family's needs. Contact us for a free assessment and consultation.","1","yes","""2026-01-07T18:43:52.960Z""","""2026-01-07T18:43:52.960Z"""
"4451ad15-f77e-4b13-bda0-feda17208dfc","527caf3c-9ac8-4177-93df-e5bdfbd10356","How often should I reassess home safety?","Reassess every 6-12 months, after any health changes (surgery, new diagnosis, medication changes), after a fall or near-fall, and when care needs increase. Changes in vision, mobility, or cognition may require additional modifications. Regular assessment helps prevent problems before they occur.","3","yes","""2026-01-07T18:56:18.760Z""","""2026-01-07T18:56:18.760Z"""
"44bc5d0e-4ae1-4660-843d-57ff84efa58b","1dca1c12-be0b-421f-b181-014fdc73f99f","How can PrivateInHomeCareGiver help?","Our experienced caregivers can provide personalized support for your family's needs. Contact us for a free assessment and consultation.","1","yes","""2026-01-07T18:43:32.982Z""","""2026-01-07T18:43:32.982Z"""
"473d930c-8e63-40af-8d51-864d58f7b802","ec3a9baa-676e-4697-9aa9-2f6e9ebc7140","How can PrivateInHomeCareGiver help?","Our experienced caregivers can provide personalized support for your family's needs. Contact us for a free assessment and consultation.","1","yes","""2026-01-07T18:43:44.118Z""","""2026-01-07T18:43:44.118Z"""
"47a9e891-065c-4758-a0c2-5052cc8bacaa","19ce7f00-369f-4ee5-9364-a29db4eb0cee","Do these documents need to be notarized?","In Massachusetts, power of attorney should be notarized. Healthcare proxies require two witnesses but not notarization. Wills need two witnesses. Requirements vary by document and state.","3","yes","""2026-01-07T18:43:08.128Z""","""2026-01-07T18:43:08.128Z"""
"48d531de-1611-4dc8-b7c5-b60a74cf5e5b","26c357b5-eb51-4b36-bac7-41514db16940","How do I find a reliable in-home caregiver in Massachusetts?","Look for caregivers through licensed home care agencies that are bonded and insured. Ask about their screening process (background checks, reference verification), training requirements, and supervision. Meet potential caregivers before starting services. Agencies like PrivateInHomeCareGiver handle all vetting, training, and provide backup caregivers when needed.","3","yes","""2026-01-07T18:56:15.304Z""","""2026-01-07T18:56:15.304Z"""
"4aad591e-bcc6-4fa4-bc42-8d1283591ab9","47703bfd-5894-4779-b242-ee3ca7557907","What should I know about the role of occupational therapy in senior care?","Understanding the role of occupational therapy in senior care is important for providing quality care. Start by assessing your specific situation and consulting with healthcare professionals or care coordinators.","0","yes","""2026-01-07T18:43:26.072Z""","""2026-01-07T18:43:26.072Z"""
"4ab4cd50-6169-4b78-abd2-b45d8b55e7ed","8417b31f-0bd7-4bae-8d74-9c96da8711dd","Does the live-in caregiver eat our food?","Policies vary by agency. Some families provide meals; others expect caregivers to bring their own food. Clarify expectations with your agency before care begins.","2","yes","""2026-01-07T18:43:11.028Z""","""2026-01-07T18:43:11.028Z"""
"4b08c6ac-e722-4834-9970-07d293a7b49f","0571e688-c44d-4189-8b73-2923dbd8fa66","What should I know about how to support seniors during holiday seasons?","Understanding how to support seniors during holiday seasons is important for providing quality care. Start by assessing your specific situation and consulting with healthcare professionals or care coordinators.","0","yes","""2026-01-07T18:43:53.364Z""","""2026-01-07T18:43:53.364Z"""
"4bb2549f-da85-4f2f-b4a1-cd484e69e5c0","01fd1214-3baa-4858-9946-0644845b424a","How can PrivateInHomeCareGiver help?","Our experienced caregivers can provide personalized support for your family's needs. Contact us for a free assessment and consultation.","1","yes","""2026-01-07T18:43:24.111Z""","""2026-01-07T18:43:24.111Z"""
"4d322fd7-ef10-4445-8012-95c156a46267","390c7f42-9cf4-432e-b8b9-705264f3a669","What should I know about how to plan a safe vacation with an elderly parent?","Understanding how to plan a safe vacation with an elderly parent is important for providing quality care. Start by assessing your specific situation and consulting with healthcare professionals or care coordinators.","0","yes","""2026-01-07T18:43:41.350Z""","""2026-01-07T18:43:41.350Z"""
"4db84e99-ff48-4f7c-9f05-8550b2597144","7ddf74ed-dbd6-4ac9-b695-7e450a2231a4","How can PrivateInHomeCareGiver help?","Our experienced caregivers can provide personalized support for your family's needs. Contact us for a free assessment and consultation.","1","yes","""2026-01-07T18:43:47.232Z""","""2026-01-07T18:43:47.232Z"""
"4eb54973-a6cc-43e1-9b2f-ead5cb9e3ff8","9f60e1d9-a931-49eb-9d02-a7994ce7bd25","What should I know about understanding elder abuse prevention?","Understanding understanding elder abuse prevention is important for providing quality care. Start by assessing your specific situation and consulting with healthcare professionals or care coordinators.","0","yes","""2026-01-07T18:43:52.844Z""","""2026-01-07T18:43:52.844Z"""
"4ec4d5b1-2a7d-43b2-8351-6689f06f6be8","4a03b397-6344-4b2f-ab71-955f8ee1fd8b","What should I know about how to prepare your home for a senior with dementia?","Understanding how to prepare your home for a senior with dementia is important for providing quality care. Start by assessing your specific situation and consulting with healthcare professionals or care coordinators.","0","yes","""2026-01-07T18:43:20.876Z""","""2026-01-07T18:43:20.876Z"""
"4ec9eac6-c2cc-4915-84c3-c1354a73c974","f003366f-e3d8-4c79-9166-bf939ae18f07","What should I know about understanding mobility aids for seniors?","Understanding understanding mobility aids for seniors is important for providing quality care. Start by assessing your specific situation and consulting with healthcare professionals or care coordinators.","0","yes","""2026-01-07T18:43:45.036Z""","""2026-01-07T18:43:45.036Z"""
"4ecc6e49-9ee0-4a8b-ba11-e41daa066d4c","26ec58fe-7533-48a1-a5bd-cc0b4f477daa","How can PrivateInHomeCareGiver help?","Our experienced caregivers can provide personalized support for your family's needs. Contact us for a free assessment and consultation.","1","yes","""2026-01-07T18:43:51.389Z""","""2026-01-07T18:43:51.389Z"""
"4f9f786a-8848-457d-bd03-982204b677ab","6ec03951-0fd4-47f2-850a-a45104ccc3f9","Does Medicare pay for home care or home health care?","Medicare covers home health care (skilled nursing, physical therapy, etc.) when prescribed by a doctor for a homebound patient. Medicare does NOT cover non-medical home care like personal care assistance, companionship, or homemaking. Some Medicare Advantage plans offer limited home care benefits.","0","yes","""2026-01-07T18:56:15.867Z""","""2026-01-07T18:56:15.867Z"""
"500302b9-1996-4fac-aac5-e4ed2cb2ed07","dc2fe6c7-7e4a-4e00-aa8a-01f1d8e85632","How can PrivateInHomeCareGiver help?","Our experienced caregivers can provide personalized support for your family's needs. Contact us for a free assessment and consultation.","1","yes","""2026-01-07T18:43:31.932Z""","""2026-01-07T18:43:31.932Z"""
"53f255d9-29d6-43cd-8286-d43d8b1de85b","7c03c208-24bd-45a1-a1ac-b0d5d9640a84","How can PrivateInHomeCareGiver help?","Our experienced caregivers can provide personalized support for your family's needs. Contact us for a free assessment and consultation.","1","yes","""2026-01-07T18:43:46.714Z""","""2026-01-07T18:43:46.714Z"""
"5400c30e-b558-42bc-aa76-f611df950a64","93482020-8b17-446d-a2ae-ede90e4f5ab1","Can home care help prevent readmission?","Yes, studies show that proper post-discharge care significantly reduces readmission rates by ensuring medication compliance, monitoring for complications, and supporting recovery.","3","yes","""2026-01-07T18:43:12.651Z""","""2026-01-07T18:43:12.651Z"""
"566e5854-04e6-4a64-aa60-3cabe22112d8","527c8349-4d92-4139-b5ce-0f4660987fd6","How can PrivateInHomeCareGiver help?","Our experienced caregivers can provide personalized support for your family's needs. Contact us for a free assessment and consultation.","1","yes","""2026-01-07T18:43:36.158Z""","""2026-01-07T18:43:36.158Z"""
"56dd159a-8a60-4bb6-b15f-6440b3f8dd5a","866645f5-0cca-4cfd-9b50-2d77907b1fa5","What should I know about the role of spirituality in senior care?","Understanding the role of spirituality in senior care is important for providing quality care. Start by assessing your specific situation and consulting with healthcare professionals or care coordinators.","0","yes","""2026-01-07T18:43:40.831Z""","""2026-01-07T18:43:40.831Z"""
"584c8918-200b-4f4e-913a-7797db52a6f0","f21bacc2-5ca5-42a7-936c-1d6a747bd573","How can PrivateInHomeCareGiver help?","Our experienced caregivers can provide personalized support for your family's needs. Contact us for a free assessment and consultation.","1","yes","""2026-01-07T18:43:48.799Z""","""2026-01-07T18:43:48.799Z"""
"58fb4c0c-9184-458a-bd67-958cf1efba6b","2bc48fb4-8b4e-42c0-a3dc-3b91925dbae4","How do I ask family members to help more with caregiving?","Hold a family meeting (in person or video call) to discuss care needs and share responsibilities. Be specific about tasks—'Can you handle Dad's doctor appointments?' is more effective than 'I need more help.' Use a shared calendar to coordinate. Accept that others may do things differently. If family won't help, consider hiring professional care to fill the gaps.","3","yes","""2026-01-07T18:56:17.913Z""","""2026-01-07T18:56:17.913Z"""
"59c63a49-3fe4-4d18-b216-037b7504a19b","1b10a860-eee8-4d07-80ac-1a4efc285dfd","What should I know about understanding sleep problems in older adults?","Understanding understanding sleep problems in older adults is important for providing quality care. Start by assessing your specific situation and consulting with healthcare professionals or care coordinators.","0","yes","""2026-01-07T18:43:26.607Z""","""2026-01-07T18:43:26.607Z"""
"59ca38eb-58c3-47d6-8049-7f7d71fcba33","6c203347-4b63-4309-8993-a2ba83f812b6","How can PrivateInHomeCareGiver help?","Our experienced caregivers can provide personalized support for your family's needs. Contact us for a free assessment and consultation.","1","yes","""2026-01-07T18:43:21.508Z""","""2026-01-07T18:43:21.508Z"""
"5b5788fb-3c9c-4238-a48f-4ec9863a25b4","44342513-080c-47fe-ac04-bd5f7b132aa7","How can PrivateInHomeCareGiver help?","Our experienced caregivers can provide personalized support for your family's needs. Contact us for a free assessment and consultation.","1","yes","""2026-01-07T18:43:36.722Z""","""2026-01-07T18:43:36.722Z"""
"5bec860c-bc74-4aa9-84ba-3e506994c3bc","c58d7da1-521e-4dd3-a1a2-d17dcca9cefc","How can PrivateInHomeCareGiver help?","Our experienced caregivers can provide personalized support for your family's needs. Contact us for a free assessment and consultation.","1","yes","""2026-01-07T18:43:27.766Z""","""2026-01-07T18:43:27.766Z"""
"5cff9b6d-1c3d-4233-9860-4b10d1ea9c4c","d9a14168-33e3-4a96-ab3e-37503a0eeb76","Is dementia hereditary?","Most dementia is not directly inherited. Having a close family member with Alzheimer's may slightly increase risk, but many people with family history never develop dementia, and many without family history do. Early-onset Alzheimer's (before age 65) has a stronger genetic component.","1","yes","""2026-01-07T18:56:16.835Z""","""2026-01-07T18:56:16.835Z"""
"5d95461d-a928-4f17-97d8-b1087c358e6e","6e88949c-293a-4fb9-9025-392232873622","What should I know about the importance of regular health screenings for seniors?","Understanding the importance of regular health screenings for seniors is important for providing quality care. Start by assessing your specific situation and consulting with healthcare professionals or care coordinators.","0","yes","""2026-01-07T18:43:57.025Z""","""2026-01-07T18:43:57.025Z"""
"5daa280f-9dd1-4263-80f5-96b30672b3c3","70fc6da9-d53a-4125-8440-f98aa14c0b5d","What should I know about long-distance caregiving: managing care from afar?","Understanding long-distance caregiving: managing care from afar is important for providing quality care. Start by assessing your specific situation and consulting with healthcare professionals or care coordinators.","0","yes","""2026-01-07T18:43:18.276Z""","""2026-01-07T18:43:18.276Z"""
"5df31157-fe5a-4e32-9bc5-8972ff14cf11","4887c806-5465-4c7b-ae64-14c773dda47a","How can PrivateInHomeCareGiver help?","Our experienced caregivers can provide personalized support for your family's needs. Contact us for a free assessment and consultation.","1","yes","""2026-01-07T18:43:23.065Z""","""2026-01-07T18:43:23.065Z"""
"5ed8be97-8035-4604-8255-582545c8543d","a2c77114-a2ab-468a-aec5-6a2820335084","How can PrivateInHomeCareGiver help?","Our experienced caregivers can provide personalized support for your family's needs. Contact us for a free assessment and consultation.","1","yes","""2026-01-07T18:43:43.061Z""","""2026-01-07T18:43:43.061Z"""
"5f321cf7-1a85-4e21-b18b-51fa0b02b0d6","6e9acbdf-7d88-4b9d-a2bf-5dc9bd738da8","Can companion care help with dementia?","Yes, especially in early stages. Companions provide supervision, engagement, and routine—all beneficial for those with dementia. As the disease progresses, additional personal care may be needed.","2","yes","""2026-01-07T18:43:09.527Z""","""2026-01-07T18:43:09.527Z"""
"600b7cac-5971-47f4-883f-e9b51bd45603","66e97a87-fc68-458e-acc6-0a658755acef","How much does respite care cost?","In-home respite costs $25-$35 per hour. Adult day programs cost $70-$150 per day. Residential respite ranges from $150-$400 per day depending on the facility and care level.","0","yes","""2026-01-07T18:43:10.052Z""","""2026-01-07T18:43:10.052Z"""
"61386573-bf20-4af5-89fd-323dfecdc3ca","1e095dd9-b61f-4a12-b8aa-d0d35c59c895","What should I know about preventing pressure sores in bedridden seniors?","Understanding preventing pressure sores in bedridden seniors is important for providing quality care. Start by assessing your specific situation and consulting with healthcare professionals or care coordinators.","0","yes","""2026-01-07T18:43:16.696Z""","""2026-01-07T18:43:16.696Z"""
"630729e1-3cc1-4715-aa96-6b13c9c831cb","d4820c45-cb20-45cf-aec0-3ac9bbf4ffc6","How can PrivateInHomeCareGiver help?","Our experienced caregivers can provide personalized support for your family's needs. Contact us for a free assessment and consultation.","1","yes","""2026-01-07T18:43:45.681Z""","""2026-01-07T18:43:45.681Z"""
"63b07287-0e0e-4e25-aa9a-bf2d0ea7f04d","4a03b397-6344-4b2f-ab71-955f8ee1fd8b","How can PrivateInHomeCareGiver help?","Our experienced caregivers can provide personalized support for your family's needs. Contact us for a free assessment and consultation.","1","yes","""2026-01-07T18:43:20.991Z""","""2026-01-07T18:43:20.991Z"""
"63e406e7-b5b8-4084-bad8-92348f4517a5","44342513-080c-47fe-ac04-bd5f7b132aa7","What should I know about understanding arthritis care for seniors?","Understanding understanding arthritis care for seniors is important for providing quality care. Start by assessing your specific situation and consulting with healthcare professionals or care coordinators.","0","yes","""2026-01-07T18:43:36.575Z""","""2026-01-07T18:43:36.575Z"""
"650fe517-b7b4-413e-a3f9-86d5887f73d3","15eb48d1-8a9f-4df5-81cb-3def27b3d8be","What should I know about the role of home health aides vs. cnas?","Understanding the role of home health aides vs. cnas is important for providing quality care. Start by assessing your specific situation and consulting with healthcare professionals or care coordinators.","0","yes","""2026-01-07T18:43:53.896Z""","""2026-01-07T18:43:53.896Z"""
"6697e4b1-ab81-4ca8-ae9c-8e6c22370d04","257394fb-db1a-4d09-afa0-cb18b70767c1","How can PrivateInHomeCareGiver help?","Our experienced caregivers can provide personalized support for your family's needs. Contact us for a free assessment and consultation.","1","yes","""2026-01-07T18:43:35.115Z""","""2026-01-07T18:43:35.115Z"""
"67f42a46-5001-43fa-be47-c348c69bb64a","6e88949c-293a-4fb9-9025-392232873622","How can PrivateInHomeCareGiver help?","Our experienced caregivers can provide personalized support for your family's needs. Contact us for a free assessment and consultation.","1","yes","""2026-01-07T18:43:57.143Z""","""2026-01-07T18:43:57.143Z"""
"6aaa01e5-a11e-42c7-8c40-308a3e16365a","4d4e9a97-b573-4e42-a291-55f8cc24e790","How can PrivateInHomeCareGiver help?","Our experienced caregivers can provide personalized support for your family's needs. Contact us for a free assessment and consultation.","1","yes","""2026-01-07T18:43:24.632Z""","""2026-01-07T18:43:24.632Z"""
"6c863446-bb77-4cc0-a029-4afb49260288","7fe5ca1d-6d64-49b8-abab-278bb6c08358","What should I know about the importance of oral health for seniors?","Understanding the importance of oral health for seniors is important for providing quality care. Start by assessing your specific situation and consulting with healthcare professionals or care coordinators.","0","yes","""2026-01-07T18:43:23.466Z""","""2026-01-07T18:43:23.466Z"""
"6ef5639c-8157-4788-920a-29bb2d46b710","47703bfd-5894-4779-b242-ee3ca7557907","How can PrivateInHomeCareGiver help?","Our experienced caregivers can provide personalized support for your family's needs. Contact us for a free assessment and consultation.","1","yes","""2026-01-07T18:43:26.202Z""","""2026-01-07T18:43:26.202Z"""
"6f319f73-1a02-4fb9-95cd-06fcf71b720d","077a72dd-a0f7-463a-ba6f-d19d538a8c64","What should I know about understanding medicare and home care coverage?","Understanding understanding medicare and home care coverage is important for providing quality care. Start by assessing your specific situation and consulting with healthcare professionals or care coordinators.","0","yes","""2026-01-07T18:43:13.584Z""","""2026-01-07T18:43:13.584Z"""
"6fd04500-5349-4595-aa43-efe126bdacb4","527caf3c-9ac8-4177-93df-e5bdfbd10356","Does Medicare or MassHealth cover home safety modifications?","Original Medicare does not cover most home modifications. However, some Medicare Advantage plans offer home safety benefits. MassHealth may cover certain modifications for eligible individuals through waiver programs. Other resources include the Massachusetts Rehabilitation Commission and nonprofit organizations that help with home modifications.","1","yes","""2026-01-07T18:56:18.531Z""","""2026-01-07T18:56:18.531Z"""
"718fff56-943d-48e5-af5e-a6cc42dffa97","8cb8d978-df34-409d-9a89-b6d6b063e6cc","How can PrivateInHomeCareGiver help?","Our experienced caregivers can provide personalized support for your family's needs. Contact us for a free assessment and consultation.","1","yes","""2026-01-07T18:43:37.241Z""","""2026-01-07T18:43:37.241Z"""
"71a6f868-3886-4cb6-a733-0b269d06179d","08985dee-2dab-4584-8dcb-c7b293167cb8","What should I know about the importance of social connection for seniors?","Understanding the importance of social connection for seniors is important for providing quality care. Start by assessing your specific situation and consulting with healthcare professionals or care coordinators.","0","yes","""2026-01-07T18:43:18.792Z""","""2026-01-07T18:43:18.792Z"""
"72cd5e2d-be2f-473c-8d65-dcedb98c081f","11a08dad-8ac4-462b-a414-7f08f4d78958","How can PrivateInHomeCareGiver help?","Our experienced caregivers can provide personalized support for your family's needs. Contact us for a free assessment and consultation.","1","yes","""2026-01-07T18:43:50.356Z""","""2026-01-07T18:43:50.356Z"""
"74684d22-3926-4af3-af06-5f17c4df86ce","b94b5cc2-50d3-47f6-8ca1-8bf1d32dd340","What is the VA Aid and Attendance benefit?","Aid and Attendance is a monthly pension benefit for veterans (and surviving spouses) who need help with daily activities. In 2025, benefits can reach $2,642/month for a veteran with spouse. Eligibility requires wartime service, honorable discharge, need for assistance with daily activities, and meeting income/asset limits.","3","yes","""2026-01-07T18:56:19.623Z""","""2026-01-07T18:56:19.623Z"""
"78830d93-04d8-463f-b637-a8bd3d53bb8b","5812070f-16fd-49fd-9f77-b296094490ca","What should I know about how to handle medical appointments for seniors?","Understanding how to handle medical appointments for seniors is important for providing quality care. Start by assessing your specific situation and consulting with healthcare professionals or care coordinators.","0","yes","""2026-01-07T18:43:54.937Z""","""2026-01-07T18:43:54.937Z"""
"7a88f145-a915-453a-aee9-f2f275a87b58","7fe5ca1d-6d64-49b8-abab-278bb6c08358","How can PrivateInHomeCareGiver help?","Our experienced caregivers can provide personalized support for your family's needs. Contact us for a free assessment and consultation.","1","yes","""2026-01-07T18:43:23.582Z""","""2026-01-07T18:43:23.582Z"""
"7b57218f-40bd-49ad-85ef-15ca05b80c57","c73bce67-8c8d-4b7c-9aeb-766862466787","What should I know about how to create meaningful activities for seniors?","Understanding how to create meaningful activities for seniors is important for providing quality care. Start by assessing your specific situation and consulting with healthcare professionals or care coordinators.","0","yes","""2026-01-07T18:43:51.807Z""","""2026-01-07T18:43:51.807Z"""
"7b99ab82-bd69-4017-9547-6a24535ab888","7584ca79-2733-475d-b295-6566c1fd30d4","What should I know about understanding advance care planning?","Understanding understanding advance care planning is important for providing quality care. Start by assessing your specific situation and consulting with healthcare professionals or care coordinators.","0","yes","""2026-01-07T18:43:55.991Z""","""2026-01-07T18:43:55.991Z"""
"7e0b0a1a-59f0-4016-b5b4-29df2ddd33bb","fe769778-62f5-4e3c-95f7-c344110779ff","What should I know about the role of exercise in healthy aging?","Understanding the role of exercise in healthy aging is important for providing quality care. Start by assessing your specific situation and consulting with healthcare professionals or care coordinators.","0","yes","""2026-01-07T18:43:47.641Z""","""2026-01-07T18:43:47.641Z"""
"7f5975b3-5680-4702-b4f7-a7fa5af3a443","ec8a7131-6905-4c98-b6e9-532ceacaf93e","How can PrivateInHomeCareGiver help?","Our experienced caregivers can provide personalized support for your family's needs. Contact us for a free assessment and consultation.","1","yes","""2026-01-07T18:43:34.584Z""","""2026-01-07T18:43:34.584Z"""
"7f631f15-eada-497d-bc77-b0bb540f648e","ca88d423-3a90-4197-ad52-bd060a2002c5","How much do PCAs get paid?","PCA wages are set by the state and have been increasing. Check current rates with MassHealth or your Fiscal Intermediary.","3","yes","""2026-01-07T18:43:11.891Z""","""2026-01-07T18:43:11.891Z"""
"80846c86-5d3b-42a5-9213-d952dbe3ce3b","1e095dd9-b61f-4a12-b8aa-d0d35c59c895","How can PrivateInHomeCareGiver help?","Our experienced caregivers can provide personalized support for your family's needs. Contact us for a free assessment and consultation.","1","yes","""2026-01-07T18:43:16.811Z""","""2026-01-07T18:43:16.811Z"""
"80c92a2e-80c0-473b-a72e-2f4e81c67123","f21bacc2-5ca5-42a7-936c-1d6a747bd573","What should I know about how to communicate with someone who has aphasia?","Understanding how to communicate with someone who has aphasia is important for providing quality care. Start by assessing your specific situation and consulting with healthcare professionals or care coordinators.","0","yes","""2026-01-07T18:43:48.685Z""","""2026-01-07T18:43:48.685Z"""
"817d7268-b118-4437-9326-09fb14515a88","9d9b6777-c30f-4b49-acbc-82e977f407e6","What should I know about understanding palliative care vs. hospice care?","Understanding understanding palliative care vs. hospice care is important for providing quality care. Start by assessing your specific situation and consulting with healthcare professionals or care coordinators.","0","yes","""2026-01-07T18:43:33.929Z""","""2026-01-07T18:43:33.929Z"""
"81aa0f3c-0b0c-496d-b483-72b52060da0c","e4a10af7-0212-400e-b239-1e15e7e64d72","How can PrivateInHomeCareGiver help?","Our experienced caregivers can provide personalized support for your family's needs. Contact us for a free assessment and consultation.","1","yes","""2026-01-07T18:43:22.027Z""","""2026-01-07T18:43:22.027Z"""
"82182bbe-ee4c-43c7-8737-7795e095f9db","b94b5cc2-50d3-47f6-8ca1-8bf1d32dd340","Does Medicare pay for in-home caregivers?","Medicare does not cover non-medical in-home care like personal care assistance, companion care, or homemaking. Medicare only covers home health care (skilled nursing, therapy) when prescribed by a doctor for a homebound patient. Some Medicare Advantage plans offer limited home care benefits—check your specific plan.","0","yes","""2026-01-07T18:56:19.285Z""","""2026-01-07T18:56:19.285Z"""
"826282ab-032d-4be1-a4ed-4baa90a7fdb3","11467261-2d82-4d74-a650-dde7c516fd24","How can PrivateInHomeCareGiver help?","Our experienced caregivers can provide personalized support for your family's needs. Contact us for a free assessment and consultation.","1","yes","""2026-01-07T18:43:50.872Z""","""2026-01-07T18:43:50.872Z"""
"8488707a-39ee-4216-96c4-1cb666770f67","e5cdd956-1f13-49bb-9a6a-414074cd50f4","What should I know about how to maintain your marriage while caregiving?","Understanding how to maintain your marriage while caregiving is important for providing quality care. Start by assessing your specific situation and consulting with healthcare professionals or care coordinators.","0","yes","""2026-01-07T18:43:38.734Z""","""2026-01-07T18:43:38.734Z"""
"8bc9d3b7-0b03-480a-bc59-5d425696e4c3","70dad456-288d-4a12-a8d5-5b2bd8db5794","How can PrivateInHomeCareGiver help?","Our experienced caregivers can provide personalized support for your family's needs. Contact us for a free assessment and consultation.","1","yes","""2026-01-07T18:43:33.513Z""","""2026-01-07T18:43:33.513Z"""
"8c05b87d-0bf1-4a79-9be5-3d3398440bcf","9695d8da-e752-4bb4-a36e-d4125efdc701","How can PrivateInHomeCareGiver help?","Our experienced caregivers can provide personalized support for your family's needs. Contact us for a free assessment and consultation.","1","yes","""2026-01-07T18:43:42.528Z""","""2026-01-07T18:43:42.528Z"""
"8e287438-84f5-4455-8ba7-c5d2728e4799","26c357b5-eb51-4b36-bac7-41514db16940","How much does in-home care cost in Massachusetts?","In Massachusetts, in-home care typically costs $26-$38 per hour depending on the level of care needed. Companion care averages $26-$30/hour, personal care $28-$35/hour, and specialized dementia care $30-$38/hour. Live-in care costs $250-$350 per day. Boston and Eastern MA tend to have higher rates than Western Massachusetts.","1","yes","""2026-01-07T18:56:15.079Z""","""2026-01-07T18:56:15.079Z"""
"8e8ee2ef-af38-4b4d-988c-b0de8427f151","59146620-951d-4e06-acb1-e1a0514bca9f","What should I know about the benefits of reminiscence therapy?","Understanding the benefits of reminiscence therapy is important for providing quality care. Start by assessing your specific situation and consulting with healthcare professionals or care coordinators.","0","yes","""2026-01-07T18:43:49.202Z""","""2026-01-07T18:43:49.202Z"""
"8f421ef9-1edc-45bb-897f-1f564eb294e4","6ec03951-0fd4-47f2-850a-a45104ccc3f9","How long does home health care last compared to home care?","Home health care is typically short-term, lasting weeks to a few months during recovery from surgery or illness. Medicare requires recertification every 60 days. Home care (non-medical) can continue indefinitely as long as support is needed—many clients receive home care for years.","2","yes","""2026-01-07T18:56:16.093Z""","""2026-01-07T18:56:16.093Z"""
"90c8d4eb-2990-4913-a44a-66ef3fef1840","192250df-5331-426b-92a9-d0cdda4abb20","What should I know about understanding the stages of grief for caregivers?","Understanding understanding the stages of grief for caregivers is important for providing quality care. Start by assessing your specific situation and consulting with healthcare professionals or care coordinators.","0","yes","""2026-01-07T18:43:38.207Z""","""2026-01-07T18:43:38.207Z"""
"930b2225-a829-4d2b-ba1a-de90c38280d6","a5eeb08b-9bce-4b5b-82c4-5815d1d0c552","How can PrivateInHomeCareGiver help?","Our experienced caregivers can provide personalized support for your family's needs. Contact us for a free assessment and consultation.","1","yes","""2026-01-07T18:43:15.251Z""","""2026-01-07T18:43:15.251Z"""
"951b946a-1c2a-4ec8-91b5-3141f3d1a8b7","6b9b923d-4b04-4223-b0d1-6008537cbbee","How can PrivateInHomeCareGiver help?","Our experienced caregivers can provide personalized support for your family's needs. Contact us for a free assessment and consultation.","1","yes","""2026-01-07T18:43:42.005Z""","""2026-01-07T18:43:42.005Z"""
"967d92e2-4026-471a-9336-f1be6a239e2c","99950a59-b00d-444a-8728-863c4671bdd9","How can PrivateInHomeCareGiver help?","Our experienced caregivers can provide personalized support for your family's needs. Contact us for a free assessment and consultation.","1","yes","""2026-01-07T18:43:35.639Z""","""2026-01-07T18:43:35.639Z"""
"97cc454e-d4e3-4343-b80d-9fcfa24e22c1","a5eeb08b-9bce-4b5b-82c4-5815d1d0c552","What should I know about how to talk to your parent about needing care?","Understanding how to talk to your parent about needing care is important for providing quality care. Start by assessing your specific situation and consulting with healthcare professionals or care coordinators.","0","yes","""2026-01-07T18:43:15.136Z""","""2026-01-07T18:43:15.136Z"""
"99789da3-2a06-437e-994c-fa60ee6a5740","8417b31f-0bd7-4bae-8d74-9c96da8711dd","Can a live-in caregiver work 7 days a week?","No, live-in caregivers typically work 4-5 days per week. A second caregiver covers the remaining days. This ensures caregivers are rested and provides backup if someone is ill.","0","yes","""2026-01-07T18:43:10.798Z""","""2026-01-07T18:43:10.798Z"""
"9c49cd9b-f5fb-4c49-b72a-0207ac44ac71","390c7f42-9cf4-432e-b8b9-705264f3a669","How can PrivateInHomeCareGiver help?","Our experienced caregivers can provide personalized support for your family's needs. Contact us for a free assessment and consultation.","1","yes","""2026-01-07T18:43:41.485Z""","""2026-01-07T18:43:41.485Z"""
"9c7c298f-1abd-4fe3-96de-ed444ccbadb9","077a72dd-a0f7-463a-ba6f-d19d538a8c64","How can PrivateInHomeCareGiver help?","Our experienced caregivers can provide personalized support for your family's needs. Contact us for a free assessment and consultation.","1","yes","""2026-01-07T18:43:13.699Z""","""2026-01-07T18:43:13.699Z"""
"9dc10c47-8306-4e87-9d09-3ba2fc0df718","1ca5c536-a47f-4808-83af-75d6b0493107","Are meal delivery services good for seniors?","Meal delivery can be excellent for seniors who struggle with shopping or cooking. Options include Meals on Wheels (often free or low-cost based on income), commercial services like Silver Cuisine or Magic Kitchen designed for seniors, and local senior center programs. Look for services that accommodate dietary restrictions and provide nutritionally balanced meals.","3","yes","""2026-01-07T18:56:20.475Z""","""2026-01-07T18:56:20.475Z"""
"9ebcc5fe-7044-4aea-8b6b-60919b3436e8","f003366f-e3d8-4c79-9166-bf939ae18f07","How can PrivateInHomeCareGiver help?","Our experienced caregivers can provide personalized support for your family's needs. Contact us for a free assessment and consultation.","1","yes","""2026-01-07T18:43:45.150Z""","""2026-01-07T18:43:45.150Z"""
"9ed372d6-01be-4eda-aa6b-2d433e123d3e","8c31dcd2-1968-4fb6-b7f5-201666785cf6","Are there medications that help Alzheimer's?","Several FDA-approved medications can help manage symptoms, though none cure the disease. Consult with a neurologist about options like cholinesterase inhibitors or newer treatments.","3","yes","""2026-01-07T18:43:05.120Z""","""2026-01-07T18:43:05.120Z"""
"9fb03da4-d3c8-4f12-a800-e1aac6510d76","8c31dcd2-1968-4fb6-b7f5-201666785cf6","How do I handle it when my loved one doesn't recognize me?","This is heartbreaking but common in later stages. Try not to take it personally—their brain cannot process the information. Introduce yourself gently and focus on the emotional connection rather than recognition.","0","yes","""2026-01-07T18:43:04.773Z""","""2026-01-07T18:43:04.773Z"""
"a1326210-4df2-45fd-a90f-b576e3b4a72c","6c203347-4b63-4309-8993-a2ba83f812b6","What should I know about the benefits of adult day programs?","Understanding the benefits of adult day programs is important for providing quality care. Start by assessing your specific situation and consulting with healthcare professionals or care coordinators.","0","yes","""2026-01-07T18:43:21.393Z""","""2026-01-07T18:43:21.393Z"""
"a31ed98f-8bff-4477-9a73-ce786418635d","7589c160-2f84-4540-acbd-d25c49af5e4f","How can PrivateInHomeCareGiver help?","Our experienced caregivers can provide personalized support for your family's needs. Contact us for a free assessment and consultation.","1","yes","""2026-01-07T18:43:25.667Z""","""2026-01-07T18:43:25.667Z"""
"a34236cd-159c-415a-9df1-ce73c0d4da0b","b4ce8718-14a6-4c6b-a13b-8e907a48b633","How can PrivateInHomeCareGiver help?","Our experienced caregivers can provide personalized support for your family's needs. Contact us for a free assessment and consultation.","1","yes","""2026-01-07T18:43:28.285Z""","""2026-01-07T18:43:28.285Z"""
"a3d1a1c4-7e94-4cf4-8f4b-531f273544c3","11467261-2d82-4d74-a650-dde7c516fd24","What should I know about the importance of foot care for seniors?","Understanding the importance of foot care for seniors is important for providing quality care. Start by assessing your specific situation and consulting with healthcare professionals or care coordinators.","0","yes","""2026-01-07T18:43:50.758Z""","""2026-01-07T18:43:50.758Z"""
"a69b899a-5b2e-40c6-8a72-413ae6db4baf","b2c8662d-057e-4c1f-99ec-9c66ed2be820","What should I know about understanding hearing loss in seniors?","Understanding understanding hearing loss in seniors is important for providing quality care. Start by assessing your specific situation and consulting with healthcare professionals or care coordinators.","0","yes","""2026-01-07T18:43:40.300Z""","""2026-01-07T18:43:40.300Z"""
"a79a843b-dc8f-436c-acd2-17e6cc2a72a0","dc199bdf-d04d-4f45-9182-83ec117ec314","How do I talk to my parent about needing help?","Approach the conversation with empathy and respect. Focus on your concerns and observations rather than accusations. Emphasize that accepting help allows them to stay independent at home longer.","0","yes","""2026-01-07T18:43:03.276Z""","""2026-01-07T18:43:03.276Z"""
"a8856a11-da55-460b-9a3d-3eeb8f8c84e3","932f097d-cb0f-4a3b-99ef-71f3369d2d01","What should I know about how to support a parent with depression?","Understanding how to support a parent with depression is important for providing quality care. Start by assessing your specific situation and consulting with healthcare professionals or care coordinators.","0","yes","""2026-01-07T18:43:27.126Z""","""2026-01-07T18:43:27.126Z"""
"ab30e5c3-c3a1-4cf4-bb9b-398dd4ec9744","fe769778-62f5-4e3c-95f7-c344110779ff","How can PrivateInHomeCareGiver help?","Our experienced caregivers can provide personalized support for your family's needs. Contact us for a free assessment and consultation.","1","yes","""2026-01-07T18:43:47.756Z""","""2026-01-07T18:43:47.756Z"""
"abc879fb-bc6b-4ccb-a6e6-37f9c8d8c511","26ec58fe-7533-48a1-a5bd-cc0b4f477daa","What should I know about understanding hospital-to-home transitions?","Understanding understanding hospital-to-home transitions is important for providing quality care. Start by assessing your specific situation and consulting with healthcare professionals or care coordinators.","0","yes","""2026-01-07T18:43:51.274Z""","""2026-01-07T18:43:51.274Z"""
"aceb581c-4a7a-47af-9124-072a30968a31","cafd6a6f-2a2d-49a0-9e69-961bc77fc561","What should I know about managing diabetes in elderly patients?","Understanding managing diabetes in elderly patients is important for providing quality care. Start by assessing your specific situation and consulting with healthcare professionals or care coordinators.","0","yes","""2026-01-07T18:43:25.033Z""","""2026-01-07T18:43:25.033Z"""
"addc5a83-dc37-4ff5-82a5-ce558cbc4ff2","66e97a87-fc68-458e-acc6-0a658755acef","Will my loved one be okay with a different caregiver?","Most people adjust well, especially with proper preparation. Introduce the respite caregiver beforehand, leave detailed instructions, and start with shorter periods to build comfort.","2","yes","""2026-01-07T18:43:10.283Z""","""2026-01-07T18:43:10.283Z"""
"b27a30cc-cb4f-4e15-91ee-8ee23bafac60","0ca953ed-fc59-4025-8f47-dff8b664d38a","What should I know about understanding sundowning in dementia patients?","Understanding understanding sundowning in dementia patients is important for providing quality care. Start by assessing your specific situation and consulting with healthcare professionals or care coordinators.","0","yes","""2026-01-07T18:43:17.747Z""","""2026-01-07T18:43:17.747Z"""
"b30d6522-e8ee-4297-8682-6757151b88d5","6d145660-7f01-45dc-9bb0-e896171c649e","How can PrivateInHomeCareGiver help?","Our experienced caregivers can provide personalized support for your family's needs. Contact us for a free assessment and consultation.","1","yes","""2026-01-07T18:43:22.549Z""","""2026-01-07T18:43:22.549Z"""
"b6d457c4-dff8-43a2-a6af-a813d92f862e","ac13c396-2b0e-42c6-b82c-5b3bd41c6d24","What should I know about the importance of hydration for older adults?","Understanding the importance of hydration for older adults is important for providing quality care. Start by assessing your specific situation and consulting with healthcare professionals or care coordinators.","0","yes","""2026-01-07T18:43:30.776Z""","""2026-01-07T18:43:30.776Z"""
"b84e48bb-7f94-44ef-9554-2a144d23ed72","ad10e5b5-9a5c-4a5d-88de-e8d0ace16ccb","How can PrivateInHomeCareGiver help?","Our experienced caregivers can provide personalized support for your family's needs. Contact us for a free assessment and consultation.","1","yes","""2026-01-07T18:43:37.781Z""","""2026-01-07T18:43:37.781Z"""
"b8708995-a245-47e4-9802-6f519bb0201b","276a93e9-3869-421e-8451-359355100f08","How can PrivateInHomeCareGiver help?","Our experienced caregivers can provide personalized support for your family's needs. Contact us for a free assessment and consultation.","1","yes","""2026-01-07T18:43:48.274Z""","""2026-01-07T18:43:48.274Z"""
"b87637b2-f348-4bd9-bf51-df126d9f5e55","276a93e9-3869-421e-8451-359355100f08","What should I know about understanding home modifications for aging in place?","Understanding understanding home modifications for aging in place is important for providing quality care. Start by assessing your specific situation and consulting with healthcare professionals or care coordinators.","0","yes","""2026-01-07T18:43:48.159Z""","""2026-01-07T18:43:48.159Z"""
"b97e0e0a-dd09-462b-8d0c-be4bd75414a1","ec3a9baa-676e-4697-9aa9-2f6e9ebc7140","What should I know about how to create a caregiver support network?","Understanding how to create a caregiver support network is important for providing quality care. Start by assessing your specific situation and consulting with healthcare professionals or care coordinators.","0","yes","""2026-01-07T18:43:44.004Z""","""2026-01-07T18:43:44.004Z"""
"bab6564f-4000-45b6-9f16-121f9cee3a7c","d4820c45-cb20-45cf-aec0-3ac9bbf4ffc6","What should I know about how to navigate family dynamics in caregiving?","Understanding how to navigate family dynamics in caregiving is important for providing quality care. Start by assessing your specific situation and consulting with healthcare professionals or care coordinators.","0","yes","""2026-01-07T18:43:45.551Z""","""2026-01-07T18:43:45.551Z"""
"bb243e36-a533-42ec-833b-8cabd3972529","e2f8e526-9308-4fdc-87aa-bdc649f2a1bb","How can PrivateInHomeCareGiver help?","Our experienced caregivers can provide personalized support for your family's needs. Contact us for a free assessment and consultation.","1","yes","""2026-01-07T18:43:29.322Z""","""2026-01-07T18:43:29.322Z"""
"bbd44ff1-b3a8-4365-a504-31874254b4c7","83f303f7-c246-43ec-b0a0-7e1b1b18b4c0","How can PrivateInHomeCareGiver help?","Our experienced caregivers can provide personalized support for your family's needs. Contact us for a free assessment and consultation.","1","yes","""2026-01-07T18:43:46.197Z""","""2026-01-07T18:43:46.197Z"""
"bd4fdd75-52e4-403a-bd9a-e2f8cf700271","ca88d423-3a90-4197-ad52-bd060a2002c5","Can family members be PCAs?","Yes, family members (except spouses and legal guardians of minor children) can be hired as PCAs through the program.","0","yes","""2026-01-07T18:43:11.545Z""","""2026-01-07T18:43:11.545Z"""
"be4cb00a-6138-4d57-a92b-04560f786d42","66e97a87-fc68-458e-acc6-0a658755acef","How do I find respite care in Massachusetts?","Contact your local Aging Services Access Point (ASAP), home care agencies, adult day health programs, or assisted living facilities. The Massachusetts Caregiver Support Program also provides resources.","1","yes","""2026-01-07T18:43:10.167Z""","""2026-01-07T18:43:10.167Z"""
"be72db26-9d6d-4f18-bf12-2f5f9dce54a8","ba2664c8-c9ac-4683-a963-e0aab99ad917","How can PrivateInHomeCareGiver help?","Our experienced caregivers can provide personalized support for your family's needs. Contact us for a free assessment and consultation.","1","yes","""2026-01-07T18:43:55.588Z""","""2026-01-07T18:43:55.588Z"""
"bf889d2d-846a-41d3-88bd-edef1f09d7fc","70dad456-288d-4a12-a8d5-5b2bd8db5794","What should I know about how to help seniors stay connected with technology?","Understanding how to help seniors stay connected with technology is important for providing quality care. Start by assessing your specific situation and consulting with healthcare professionals or care coordinators.","0","yes","""2026-01-07T18:43:33.398Z""","""2026-01-07T18:43:33.398Z"""
"c024208c-b809-4540-bf67-3ad8787dcc62","8417b31f-0bd7-4bae-8d74-9c96da8711dd","Which option provides better care?","Neither is inherently better—it depends on your needs. Live-in care offers consistency and relationship building. Hourly care offers flexibility and specialized scheduling. Quality depends on the individual caregivers and agency.","3","yes","""2026-01-07T18:43:11.142Z""","""2026-01-07T18:43:11.142Z"""
"c0a06844-9227-4734-beb4-025820dfd70c","91b304e0-a7d0-490d-9810-6fbe97ab3ddd","What should I know about how to choose the right home care agency?","Understanding how to choose the right home care agency is important for providing quality care. Start by assessing your specific situation and consulting with healthcare professionals or care coordinators.","0","yes","""2026-01-07T18:43:13.054Z""","""2026-01-07T18:43:13.054Z"""
"c5419f7d-afdb-4cc3-9e41-6dc3f9f355d7","1ca5c536-a47f-4808-83af-75d6b0493107","Should seniors take vitamin supplements?","Many seniors benefit from supplements, particularly vitamin D (most people are deficient), B12 (absorption decreases with age), and calcium (if dietary intake is low). However, consult a doctor before starting supplements, as some can interact with medications or be harmful in excess. Food sources are generally preferred.","1","yes","""2026-01-07T18:56:20.244Z""","""2026-01-07T18:56:20.244Z"""
"c71656c9-e787-4391-9b63-98ae4aa81633","ea698f43-016d-439b-bf64-2fea3b0c345b","How can PrivateInHomeCareGiver help?","Our experienced caregivers can provide personalized support for your family's needs. Contact us for a free assessment and consultation.","1","yes","""2026-01-07T18:43:39.897Z""","""2026-01-07T18:43:39.897Z"""
"cba38ba8-2576-4554-bde5-2cf4a7c094f2","3f190be7-e7f6-4681-a4b7-31c371fd9875","What should I know about understanding wound care at home?","Understanding understanding wound care at home is important for providing quality care. Start by assessing your specific situation and consulting with healthcare professionals or care coordinators.","0","yes","""2026-01-07T18:43:49.723Z""","""2026-01-07T18:43:49.723Z"""
"cd33c368-04a0-4b86-bbac-74aefdf749aa","9ea497a3-c19c-4384-acf9-c8130dffaac6","How can PrivateInHomeCareGiver help?","Our experienced caregivers can provide personalized support for your family's needs. Contact us for a free assessment and consultation.","1","yes","""2026-01-07T18:43:19.959Z""","""2026-01-07T18:43:19.959Z"""
"ce8db8b7-c5ab-4203-a792-9721f91ba7cd","66e97a87-fc68-458e-acc6-0a658755acef","How often should I use respite care?","There's no set rule—use it as often as you need. Many caregivers benefit from regular scheduled breaks, whether weekly, bi-weekly, or monthly. Don't wait until you're burned out.","3","yes","""2026-01-07T18:43:10.397Z""","""2026-01-07T18:43:10.397Z"""
"cecca0e5-a429-44df-8036-1fda54c20dd8","95df2fae-0886-4c96-a8e0-562e9d5628cd","What should I know about the benefits of intergenerational programs?","Understanding the benefits of intergenerational programs is important for providing quality care. Start by assessing your specific situation and consulting with healthcare professionals or care coordinators.","0","yes","""2026-01-07T18:43:52.327Z""","""2026-01-07T18:43:52.327Z"""
"d02095ab-9137-4d40-96eb-48da1477a55f","0571e688-c44d-4189-8b73-2923dbd8fa66","How can PrivateInHomeCareGiver help?","Our experienced caregivers can provide personalized support for your family's needs. Contact us for a free assessment and consultation.","1","yes","""2026-01-07T18:43:53.486Z""","""2026-01-07T18:43:53.486Z"""
"d18923eb-acd7-4e92-98bf-60263f83e443","6ec03951-0fd4-47f2-850a-a45104ccc3f9","Can a home care aide administer medications?","No, home care aides cannot administer medications. They can provide medication reminders, open bottles, and hand medications to clients, but they cannot put pills in someone's mouth, give injections, or make decisions about medications. Only licensed nurses (through home health care) can administer medications.","1","yes","""2026-01-07T18:56:15.980Z""","""2026-01-07T18:56:15.980Z"""
"d1c28d92-8ac2-4cdd-a283-c7abf1438272","91b304e0-a7d0-490d-9810-6fbe97ab3ddd","How can PrivateInHomeCareGiver help?","Our experienced caregivers can provide personalized support for your family's needs. Contact us for a free assessment and consultation.","1","yes","""2026-01-07T18:43:13.181Z""","""2026-01-07T18:43:13.181Z"""
"d1cc64c7-845e-454a-a425-4fbde7eb6aef","b2c8662d-057e-4c1f-99ec-9c66ed2be820","How can PrivateInHomeCareGiver help?","Our experienced caregivers can provide personalized support for your family's needs. Contact us for a free assessment and consultation.","1","yes","""2026-01-07T18:43:40.429Z""","""2026-01-07T18:43:40.429Z"""
"d36d0f1c-83d0-4079-9f9f-309752ad27fb","ed0b6556-91ee-48c9-b12e-7de4f9a78e39","How can PrivateInHomeCareGiver help?","Our experienced caregivers can provide personalized support for your family's needs. Contact us for a free assessment and consultation.","1","yes","""2026-01-07T18:43:17.335Z""","""2026-01-07T18:43:17.335Z"""
"d494214a-c697-471e-ab0b-6f2180e05951","e58cac88-9321-44a1-afad-83713af3d482","What should I know about how to choose the right medical alert system?","Understanding how to choose the right medical alert system is important for providing quality care. Start by assessing your specific situation and consulting with healthcare professionals or care coordinators.","0","yes","""2026-01-07T18:43:29.730Z""","""2026-01-07T18:43:29.730Z"""
"d4e290a1-2b3c-4fd9-9398-d13b369daca7","e2f8e526-9308-4fdc-87aa-bdc649f2a1bb","What should I know about understanding stroke recovery and rehabilitation?","Understanding understanding stroke recovery and rehabilitation is important for providing quality care. Start by assessing your specific situation and consulting with healthcare professionals or care coordinators.","0","yes","""2026-01-07T18:43:29.207Z""","""2026-01-07T18:43:29.207Z"""
"d514958a-bf01-4416-b9d4-5aeffb37a3bf","ed0b6556-91ee-48c9-b12e-7de4f9a78e39","What should I know about how to create a care schedule for multiple caregivers?","Understanding how to create a care schedule for multiple caregivers is important for providing quality care. Start by assessing your specific situation and consulting with healthcare professionals or care coordinators.","0","yes","""2026-01-07T18:43:17.216Z""","""2026-01-07T18:43:17.216Z"""
"d5509e52-2e3b-4fbf-9244-4e9116d4e1ef","d9a14168-33e3-4a96-ab3e-37503a0eeb76","How do I talk to someone with dementia who doesn't recognize me?","This is heartbreaking but common in later stages. Don't quiz them or insist they should know you. Introduce yourself gently ('Hi, it's Sarah, your daughter'). Focus on emotional connection through tone, touch, and presence rather than recognition. They may not remember who you are but can still feel loved.","3","yes","""2026-01-07T18:56:17.061Z""","""2026-01-07T18:56:17.061Z"""
"d6542726-7f90-4d1a-b485-ec15222f4b06","8417b31f-0bd7-4bae-8d74-9c96da8711dd","What if my parent needs help multiple times during the night?","If nighttime needs are frequent (more than 2-3 brief awakenings), you may need to add an overnight hourly aide in addition to live-in care, or consider around-the-clock hourly care.","1","yes","""2026-01-07T18:43:10.913Z""","""2026-01-07T18:43:10.913Z"""
"d825fdde-88eb-445c-b10c-6a708aa59905","c05b713e-81fe-49f0-a40c-ab588c276d07","How can PrivateInHomeCareGiver help?","Our experienced caregivers can provide personalized support for your family's needs. Contact us for a free assessment and consultation.","1","yes","""2026-01-07T18:43:14.732Z""","""2026-01-07T18:43:14.732Z"""
"d8b200d7-6e2b-4d53-93b5-0710ab896c9c","ea698f43-016d-439b-bf64-2fea3b0c345b","What should I know about how to handle resistance to care?","Understanding how to handle resistance to care is important for providing quality care. Start by assessing your specific situation and consulting with healthcare professionals or care coordinators.","0","yes","""2026-01-07T18:43:39.781Z""","""2026-01-07T18:43:39.781Z"""
"d90d26e1-426e-4cb6-b4db-df86324f2b7f","dc199bdf-d04d-4f45-9182-83ec117ec314","How much does an in-home care assessment cost?","Most reputable home care agencies offer free in-home assessments. This evaluation helps determine what level of care is needed and creates a personalized care plan.","2","yes","""2026-01-07T18:43:03.507Z""","""2026-01-07T18:43:03.507Z"""
"dc02dd84-c7c5-4e85-9f33-1abd3a712eed","dc199bdf-d04d-4f45-9182-83ec117ec314","What if my parent refuses help?","Many seniors initially resist care. Try starting with small amounts of help, frame it as helping you worry less, or have their doctor recommend it. Sometimes a crisis forces the decision.","1","yes","""2026-01-07T18:43:03.390Z""","""2026-01-07T18:43:03.390Z"""
"dc21bebc-5282-4898-bf45-a674c474bf3c","ec8a7131-6905-4c98-b6e9-532ceacaf93e","What should I know about how to prevent senior scams and financial abuse?","Understanding how to prevent senior scams and financial abuse is important for providing quality care. Start by assessing your specific situation and consulting with healthcare professionals or care coordinators.","0","yes","""2026-01-07T18:43:34.463Z""","""2026-01-07T18:43:34.463Z"""
"ddf69949-a4a1-4f6c-a235-666ad7cde940","8cb8d978-df34-409d-9a89-b6d6b063e6cc","What should I know about the importance of vision care for older adults?","Understanding the importance of vision care for older adults is important for providing quality care. Start by assessing your specific situation and consulting with healthcare professionals or care coordinators.","0","yes","""2026-01-07T18:43:37.126Z""","""2026-01-07T18:43:37.126Z"""
"dea14dcd-751a-40b5-b3b4-5b6559b962a9","7acf2620-cb16-43c4-b28c-a4e1fe1a4e2e","What should I know about how to create a medication management system?","Understanding how to create a medication management system is important for providing quality care. Start by assessing your specific situation and consulting with healthcare professionals or care coordinators.","0","yes","""2026-01-07T18:43:56.509Z""","""2026-01-07T18:43:56.509Z"""
"df71bba0-9a64-49df-bac3-09ace8f2733e","11a08dad-8ac4-462b-a414-7f08f4d78958","What should I know about how to manage caregiver guilt?","Understanding how to manage caregiver guilt is important for providing quality care. Start by assessing your specific situation and consulting with healthcare professionals or care coordinators.","0","yes","""2026-01-07T18:43:50.241Z""","""2026-01-07T18:43:50.241Z"""
"dfa4afec-91f6-425d-bfba-491afaa36681","d9a14168-33e3-4a96-ab3e-37503a0eeb76","How long does each stage of dementia last?","Dementia progression varies greatly by individual. Generally, the early stage lasts 2-4 years, the middle stage (often the longest) lasts 2-10 years, and the late stage lasts 1-3 years. Total life expectancy after diagnosis is typically 4-8 years, but some people live 20 years or more.","0","yes","""2026-01-07T18:56:16.722Z""","""2026-01-07T18:56:16.722Z"""
"e0bbe6f0-7d2f-4f30-91f8-3dcb7af6207a","192250df-5331-426b-92a9-d0cdda4abb20","How can PrivateInHomeCareGiver help?","Our experienced caregivers can provide personalized support for your family's needs. Contact us for a free assessment and consultation.","1","yes","""2026-01-07T18:43:38.324Z""","""2026-01-07T18:43:38.324Z"""
"e11f116e-1cb6-4832-98c4-1d52b5df3194","19ce7f00-369f-4ee5-9364-a29db4eb0cee","What's the difference between power of attorney and healthcare proxy?","Power of attorney covers financial and legal decisions. Healthcare proxy covers medical decisions. They can be the same person or different people.","0","yes","""2026-01-07T18:43:07.784Z""","""2026-01-07T18:43:07.784Z"""
"e2b9f66a-7571-4e7a-a4cc-e90edada8c66","5812070f-16fd-49fd-9f77-b296094490ca","How can PrivateInHomeCareGiver help?","Our experienced caregivers can provide personalized support for your family's needs. Contact us for a free assessment and consultation.","1","yes","""2026-01-07T18:43:55.052Z""","""2026-01-07T18:43:55.052Z"""
"e34a06e6-7048-4c27-ae4c-ad589eea6476","cafd6a6f-2a2d-49a0-9e69-961bc77fc561","How can PrivateInHomeCareGiver help?","Our experienced caregivers can provide personalized support for your family's needs. Contact us for a free assessment and consultation.","1","yes","""2026-01-07T18:43:25.149Z""","""2026-01-07T18:43:25.149Z"""
"e5139063-0af5-4d2e-8816-00aa52c5473c","99950a59-b00d-444a-8728-863c4671bdd9","What should I know about managing anxiety in older adults?","Understanding managing anxiety in older adults is important for providing quality care. Start by assessing your specific situation and consulting with healthcare professionals or care coordinators.","0","yes","""2026-01-07T18:43:35.524Z""","""2026-01-07T18:43:35.524Z"""
"e8f20228-8f49-48ff-9c4a-0f6e80f56eff","372ddb54-1f5d-4530-8aa8-ec90f88448c9","How can PrivateInHomeCareGiver help?","Our experienced caregivers can provide personalized support for your family's needs. Contact us for a free assessment and consultation.","1","yes","""2026-01-07T18:43:31.411Z""","""2026-01-07T18:43:31.411Z"""
"eab743a3-34e0-4bd4-a137-ba2a8347020d","1ca431be-5dad-4c70-9bbb-32c079696185","What should I know about the benefits of gardening for seniors?","Understanding the benefits of gardening for seniors is important for providing quality care. Start by assessing your specific situation and consulting with healthcare professionals or care coordinators.","0","yes","""2026-01-07T18:43:39.255Z""","""2026-01-07T18:43:39.255Z"""
"ee481798-6e84-4e8d-9c3d-12c358fd1c0b","8c31dcd2-1968-4fb6-b7f5-201666785cf6","When is it time to consider professional care?","Consider professional help when caregiving affects your health, your loved one's safety cannot be ensured, care needs exceed your abilities, or wandering becomes dangerous. There's no shame in needing help.","2","yes","""2026-01-07T18:43:05.005Z""","""2026-01-07T18:43:05.005Z"""
"eefe923f-1ec1-4e63-b8a9-0d79b0d8d056","c4170c73-8731-41b1-ae78-b88e5a664465","What should I know about the role of physical therapy in senior care?","Understanding the role of physical therapy in senior care is important for providing quality care. Start by assessing your specific situation and consulting with healthcare professionals or care coordinators.","0","yes","""2026-01-07T18:43:16.177Z""","""2026-01-07T18:43:16.177Z"""
"efaa548f-ea94-4ab3-8a42-a6bdbab70253","b94b5cc2-50d3-47f6-8ca1-8bf1d32dd340","Can family members be paid caregivers in Massachusetts?","Yes, through the MassHealth PCA Program, family members (except spouses and legal guardians of minor children) can be hired as paid Personal Care Assistants. This allows families to compensate loved ones for care while ensuring quality support. The family member becomes the consumer's employee.","2","yes","""2026-01-07T18:56:19.510Z""","""2026-01-07T18:56:19.510Z"""
"efac9e1c-27f7-4735-a85b-2b7ea6c64d75","c18b4236-ca67-4b7c-8fb5-8fc34e55bea0","What should I know about understanding hospice care: when and how to access it?","Understanding understanding hospice care: when and how to access it is important for providing quality care. Start by assessing your specific situation and consulting with healthcare professionals or care coordinators.","0","yes","""2026-01-07T18:43:15.656Z""","""2026-01-07T18:43:15.656Z"""
"f1971e54-d56e-4267-87f5-35bc3435b062","b4ce8718-14a6-4c6b-a13b-8e907a48b633","What should I know about the benefits of music therapy for dementia?","Understanding the benefits of music therapy for dementia is important for providing quality care. Start by assessing your specific situation and consulting with healthcare professionals or care coordinators.","0","yes","""2026-01-07T18:43:28.169Z""","""2026-01-07T18:43:28.169Z"""
"f2e91d56-7be5-4b4f-aded-460c1417e026","ca88d423-3a90-4197-ad52-bd060a2002c5","How many hours of PCA care can I get?","Hours are determined by a clinical evaluation of your needs. There's no set maximum—you receive the hours deemed medically necessary.","1","yes","""2026-01-07T18:43:11.661Z""","""2026-01-07T18:43:11.661Z"""
"f445cf30-e4b1-4f78-ba5d-b9d974d7ea98","95df2fae-0886-4c96-a8e0-562e9d5628cd","How can PrivateInHomeCareGiver help?","Our experienced caregivers can provide personalized support for your family's needs. Contact us for a free assessment and consultation.","1","yes","""2026-01-07T18:43:52.441Z""","""2026-01-07T18:43:52.441Z"""
"f494c1ca-3cbb-4c2e-a473-d6a58dfbc323","93482020-8b17-446d-a2ae-ede90e4f5ab1","How long do I need post-hospital care?","It varies by condition. Many people need 2-6 weeks of assistance, though some surgeries or conditions require longer support. Start with more help and reduce as recovery progresses.","0","yes","""2026-01-07T18:43:12.294Z""","""2026-01-07T18:43:12.294Z"""
"f81068c8-966d-4832-abb9-3cb3fc52c3e1","94879856-edde-4256-ba2e-80f129966fa3","What should I know about managing chronic pain in older adults?","Understanding managing chronic pain in older adults is important for providing quality care. Start by assessing your specific situation and consulting with healthcare professionals or care coordinators.","0","yes","""2026-01-07T18:43:20.360Z""","""2026-01-07T18:43:20.360Z"""
"f833fa81-24b2-4d97-9cbb-a0b621a7364c","ac13c396-2b0e-42c6-b82c-5b3bd41c6d24","How can PrivateInHomeCareGiver help?","Our experienced caregivers can provide personalized support for your family's needs. Contact us for a free assessment and consultation.","1","yes","""2026-01-07T18:43:30.891Z""","""2026-01-07T18:43:30.891Z"""
"f8e57392-ed4e-472b-8550-720e95423db9","6e9acbdf-7d88-4b9d-a2bf-5dc9bd738da8","How do you match a companion with a senior?","Good agencies consider personality, interests, schedule, and preferences. Meeting potential companions before starting care helps ensure a good match. If it's not right, request someone else.","3","yes","""2026-01-07T18:43:09.642Z""","""2026-01-07T18:43:09.642Z"""
"f976be98-77e9-41d3-8006-7cf2b8363fc6","c18b4236-ca67-4b7c-8fb5-8fc34e55bea0","How can PrivateInHomeCareGiver help?","Our experienced caregivers can provide personalized support for your family's needs. Contact us for a free assessment and consultation.","1","yes","""2026-01-07T18:43:15.770Z""","""2026-01-07T18:43:15.770Z"""
"fba4a653-f84a-41ae-bcf1-31e1bc3e0aea","4d8c7f67-436d-48f9-aba0-d1bb46a51bb7","How can PrivateInHomeCareGiver help?","Our experienced caregivers can provide personalized support for your family's needs. Contact us for a free assessment and consultation.","1","yes","""2026-01-07T18:43:14.215Z""","""2026-01-07T18:43:14.215Z"""
"fbd62f6f-07ef-4b75-9d0b-2f775179fd93","1ca5c536-a47f-4808-83af-75d6b0493107","How many calories do seniors need?","Calorie needs decrease with age due to slower metabolism and often less physical activity. Generally, women over 50 need 1,600-2,000 calories daily; men need 2,000-2,400. Active seniors need more. Despite lower calorie needs, nutrient needs stay the same or increase, making nutrient-dense foods essential.","0","yes","""2026-01-07T18:56:20.131Z""","""2026-01-07T18:56:20.131Z"""
"fd1406ec-a8bc-4424-8982-f1ee9313a041","9ea497a3-c19c-4384-acf9-c8130dffaac6","What should I know about understanding different types of dementia?","Understanding understanding different types of dementia is important for providing quality care. Start by assessing your specific situation and consulting with healthcare professionals or care coordinators.","0","yes","""2026-01-07T18:43:19.838Z""","""2026-01-07T18:43:19.838Z"""
"fe79ba73-4424-41a9-933e-98a89ef7c54b","59146620-951d-4e06-acb1-e1a0514bca9f","How can PrivateInHomeCareGiver help?","Our experienced caregivers can provide personalized support for your family's needs. Contact us for a free assessment and consultation.","1","yes","""2026-01-07T18:43:49.322Z""","""2026-01-07T18:43:49.322Z"""